stop_id,stop_name,stop_lat,stop_lon
lechhausen_nord_ostfriedhof,Lechhausen Nord Ostfriedhof,,
kuka/partnachweg,KUKA/Partnachweg,,
curtiusstraße,Curtiusstraße,,
kulturstraße,Kulturstraße,,
schleiermacherstraße,Schleiermacherstraße,,
lechhausen_schlößle,Lechhausen Schlößle,,
ulrichsbrücke,Ulrichsbrücke,,
berliner_allee,Berliner Allee,,
jakobertor,Jakobertor,,
fuggerei,Fuggerei,,
pilgerhausstraße,Pilgerhausstraße,,
rathausplatz,Rathausplatz,,
moritzplatz,Moritzplatz,,
königsplatz,Königsplatz,,
frohsinnstraße,Frohsinnstraße,,
kongress_am_park,Kongress am Park,,
polizeipräsidium,Polizeipräsidium,,
burgfrieden,Burgfrieden,,
bergstraße,Bergstraße,,
maria_stern,Maria Stern,,
klausenberg,Klausenberg,,
göggingen_rathaus,Göggingen Rathaus,,
hessing-kliniken,Hessing-Kliniken,,
göggingen,Göggingen,,
augsburg_west_p+r,Augsburg West P+R,,
uniklinik_bkh,Uniklinik BKH,,
stenglinstraße,Stenglinstraße,,
neusässer_straße,Neusässer Straße,,
kriegshaber,Kriegshaber,,
schärtlstraße,Schärtlstraße,,
heimgarten,Heimgarten,,
st._thaddäus,St. Thaddäus,,
oberhausen_bf_/_h-haller-pl,Oberhausen Bf / H-Haller-Pl,,
wertachbrücke,Wertachbrücke,,
senkelbach,Senkelbach,,
fischertor,Fischertor,,
mozarthaus/kolping,Mozarthaus/Kolping,,
dom/stadtwerke,Dom/Stadtwerke,,
rathausplatz,Rathausplatz,,
moritzplatz,Moritzplatz,,
königsplatz,Königsplatz,,
th.-heuss-platz/ihk,Th.-Heuss-Platz/IHK,,
rotes_tor,Rotes Tor,,
haunstetter_straße_bf,Haunstetter Straße Bf,,
schertlinstraße,Schertlinstraße,,
berufsschule,Berufsschule,,
sportanlage_süd_p+r,Sportanlage Süd P+R,,
beim_dürren_ast,Beim Dürren Ast,,
volkssiedlung,Volkssiedlung,,
baugenossenschaft,Baugenossenschaft,,
hötzelstraße,Hötzelstraße,,
haunstetten_nord,Haunstetten Nord,,
hauptbahnhof,Hauptbahnhof,,
königsplatz,Königsplatz,,
th.-heuss-platz/ihk,Th.-Heuss-Platz/IHK,,
rotes_tor,Rotes Tor,,
haunstetter_straße_bf,Haunstetter Straße Bf,,
schertlinstraße,Schertlinstraße,,
von-parseval-straße,Von-Parseval-Straße,,
fachoberschule,Fachoberschule,,
bukowina-institut_/_pci,Bukowina-Institut / PCI,,
universität,Universität,,
bbw_/_institut_für_physik,BBW / Institut für Physik,,
innovationspark_/_lfu,Innovationspark / LfU,,
bischofsackerweg,Bischofsackerweg,,
kopernikusstraße,Kopernikusstraße,,
hofackerstraße,Hofackerstraße,,
inninger_straße_p+r,Inninger Straße P+R,,
haunstetten_südwest,Haunstetten Südwest,,
brahmsstraße,Brahmsstraße,,
köbr._bereitschaftspolizei,Köbr. Bereitschaftspolizei,,
köbr._guldenstraße,Köbr. Guldenstraße,,
köbr._augsburger_straße,Köbr. Augsburger Straße,,
köbr._mindelheimer_straße,Köbr. Mindelheimer Straße,,
königsbrunn_zentrum,Königsbrunn Zentrum,,
oberhausen_nord_p+r,Oberhausen Nord P+R,,
alpenhof,Alpenhof,,
eschenhof,Eschenhof,,
zollernstraße,Zollernstraße,,
bärenwirt,Bärenwirt,,
drentwettstraße,Drentwettstraße,,
wertachbrücke,Wertachbrücke,,
plärrer_p+r,Plärrer P+R,,
curt-frenzel-stadion,Curt-Frenzel-Stadion,,
klinkertor,Klinkertor,,
staatstheater,Staatstheater,,
königsplatz,Königsplatz,,
hauptbahnhof,Hauptbahnhof,,
stadtbergen,Stadtbergen,,
stadtberger_hof,Stadtberger Hof,,
westfriedhof,Westfriedhof,,
bgm.-bohl-straße,Bgm.-Bohl-Straße,,
pfersee,Pfersee,,
herz-jesu-kirche,Herz-Jesu-Kirche,,
eberlestraße,Eberlestraße,,
luitpoldbrücke,Luitpoldbrücke,,
rosenaustraße,Rosenaustraße,,
hauptbahnhof,Hauptbahnhof,,
königsplatz,Königsplatz,,
th.-heuss-platz/ihk,Th.-Heuss-Platz/IHK,,
rotes_tor,Rotes Tor,,
hochschule_augsburg,Hochschule Augsburg,,
gärtnerstraße,Gärtnerstraße,,
textilmuseum,Textilmuseum,,
wilhelm-hauff-straße,Wilhelm-Hauff-Straße,,
schwaben_center,Schwaben Center,,
am_eiskanal,Am Eiskanal,,
afrabrücke,Afrabrücke,,
hochzoll_mitte,Hochzoll Mitte,,
rudolf-diesel-gymnasium,Rudolf-Diesel-Gymnasium,,
friedberg_maria_alber,Friedberg Maria Alber,,
friedberg_west_p+r,Friedberg West P+R,,
lechhausen_ostfr,lechhausen_ostfr,,
kuka_partnachweg,kuka_partnachweg,,
curtiusstr,curtiusstr,,
kulturstr,kulturstr,,
schleiermacherstr,schleiermacherstr,,
lechhausen_schloessle,lechhausen_schloessle,,
ulrichsbruecke,ulrichsbruecke,,
pilgerhausstr,pilgerhausstr,,
koenigsplatz_a2,koenigsplatz_a2,,
frohsinnstr,frohsinnstr,,
kongress_park,kongress_park,,
polizeipraesidium,polizeipraesidium,,
bergstr,bergstr,,
goeggingen_rathaus,goeggingen_rathaus,,
hessing_kliniken,hessing_kliniken,,
goeggingen,goeggingen,,
augsburg_west,augsburg_west,,
stenglinstr,stenglinstr,,
neusaesser_str,neusaesser_str,,
schaertlstr,schaertlstr,,
st_thaddaeus,st_thaddaeus,,
oberhausen_bf,oberhausen_bf,,
wertachbruecke,wertachbruecke,,
mozarthaus,mozarthaus,,
dom_stadtwerke,dom_stadtwerke,,
koenigsplatz_b1,koenigsplatz_b1,,
th_heuss_platz,th_heuss_platz,,
haunstetter_str,haunstetter_str,,
schertlinstr,schertlinstr,,
sportanlage_sued,sportanlage_sued,,
beim_duerren_ast,beim_duerren_ast,,
hoetzelstr,hoetzelstr,,
koenigsplatz,koenigsplatz,,
von_parseval_str,von_parseval_str,,
bukowina_institut,bukowina_institut,,
bbw_inst_physik,bbw_inst_physik,,
innovationspark,innovationspark,,
kopernikusstr,kopernikusstr,,
hofackerstr,hofackerstr,,
inninger_str,inninger_str,,
haunstetten_suedwest,haunstetten_suedwest,,
brahmsstr,brahmsstr,,
koebr_bereitschaftspolizei,koebr_bereitschaftspolizei,,
koebr_guldenstr,koebr_guldenstr,,
koebr_augsburger_str,koebr_augsburger_str,,
koebr_mindelheimer_str,koebr_mindelheimer_str,,
koenigsbrunn_zentrum,koenigsbrunn_zentrum,,
oberhausen_nord,oberhausen_nord,,
zollernstr,zollernstr,,
baerenwirt,baerenwirt,,
drentwettstr,drentwettstr,,
plaerrer,plaerrer,,
curt_frenzel_stadion,curt_frenzel_stadion,,
bgm_bohl_str,bgm_bohl_str,,
herz_jesu_kirche,herz_jesu_kirche,,
eberlestr,eberlestr,,
luitpoldbruecke,luitpoldbruecke,,
rosenaustr,rosenaustr,,
gaertnerstr,gaertnerstr,,
wilhelm_hauff_str,wilhelm_hauff_str,,
afrabruecke,afrabruecke,,
rudolf_diesel_gymn,rudolf_diesel_gymn,,
friedbg_maria_alber,friedbg_maria_alber,,
friedberg_west_pr,friedberg_west_pr,,
